,num_nodes,num_edges,mean_length,mean_squared_length,total_length,num_leaves,max_dist,fract_dim,sholl,mean_degree
0,1,0,0.0,0.0,0.0,0,0.0,0.0,0.0,0.0
1,2,1,8.0,64.0,8.0,2,8.0,-0.24044917348149286,0.0,1.0
2,1,0,0.0,0.0,0.0,0,0.0,0.0,0.0,0.0
3,1,0,0.0,0.0,0.0,0,0.0,0.0,0.0,0.0
4,4,3,44.10987698157796,3449.9166666666674,132.32963094473388,3,98.5507483482495,0.8095423135922999,1.0,1.5
5,4,3,44.255118020731125,3465.8333333333335,132.76535406219338,3,98.65343379730885,0.8103761335442518,1.0,1.5
6,6,5,29.907482865568294,2099.3500000000004,149.53741432784147,4,110.43561267225421,0.891775871250888,1.0,1.6666666666666667
7,1,0,0.0,0.0,0.0,0,0.0,0.0,0.0,0.0
8,73,73,44.116260576204965,2947.3722412480975,3220.4870220629623,39,473.6568405716323,1.488605099750863,2.0,2.0
9,81,81,47.059065823958974,3153.561728395062,3811.784331740677,43,517.6338493562002,1.4774672623613696,4.333333333333333,2.0
10,85,85,42.89650920900495,2757.705882352941,3646.20328276542,45,806.8131098889728,1.380035619448361,3.0,2.0
11,5,4,28.25,1700.25,113.0,3,94.0,0.7160637077389445,1.0,1.6
12,4,3,41.22670047590412,2315.1666666666665,123.68010142771234,2,116.68010142771234,0.7804551688811038,1.0,1.5
13,88,87,39.32156518958937,2430.8705300127717,3420.976171494275,46,541.6780448958251,1.4281219328862411,3.0,1.9772727272727273
14,88,87,44.29348174387163,3048.3204022988507,3853.532911716832,46,699.1391157643639,1.4408728153546715,3.0,1.9772727272727273
15,80,79,42.26300345181088,2849.900531333021,3338.77727269306,44,720.517656277197,1.4536501777742075,2.5,1.975
16,82,81,46.38469411428127,3770.425925925926,3757.1602232567825,43,1027.4390807948812,1.3111373706690006,3.6666666666666665,1.975609756097561
17,60,59,43.555896827304096,2973.4661016949153,2569.797912810942,32,540.2296451676298,1.4033020532401623,1.6,1.9666666666666666
18,5,4,82.59494242962971,7327.5,330.37976971851884,4,110.05566773228901,2.0096424350342135,1.0,1.6
19,73,71,40.69408744643088,2629.390888541124,2889.280208696592,40,835.9452619326689,1.3041392190135876,1.5,1.9452054794520548
20,64,63,36.084660982330256,2139.964285714286,2273.333641886806,34,735.4495039487181,1.2905177824274985,1.4,1.96875
21,48,47,40.47079127184941,2523.8936170212764,1902.127189776922,26,629.4068119907145,1.3492836527467837,1.75,1.9583333333333333
22,35,34,47.20635370080649,3537.8658088235293,1605.0160258274207,18,466.8530311553176,1.160738029722103,2.3333333333333335,1.9428571428571428
23,39,38,44.34345246431419,3029.7960526315787,1685.0511936439393,20,403.84413923634906,1.3631766819372948,1.4,1.9487179487179487
24,15,14,32.5,2165.6428571428573,455.0,9,175.0,1.0558943189149461,1.5,1.8666666666666667
25,27,26,48.43422695908463,3682.4700854700855,1259.2899009362004,15,484.0,1.1536896181018712,2.0,1.9259259259259258
26,35,34,42.53614085443327,3242.485294117647,1446.2287890507312,20,651.7972086475663,1.1109650684359695,3.0,1.9428571428571428
27,75,74,46.11399474603449,3232.9313063063064,3412.4356112065525,41,1127.5475749439038,1.2889467620197557,2.0,1.9733333333333334
28,75,73,46.665637115810085,3523.669520547945,3406.591509454136,41,804.2237880764517,1.2746077074072115,2.25,1.9466666666666668
29,17,16,43.5625,3142.6875,697.0,9,377.0,1.163116621008046,1.0,1.8823529411764706
30,100,98,46.57882232838216,3442.47087585034,4564.7245881814515,52,913.7828963786499,1.3130782567756392,1.8,1.96
31,78,77,49.63983593233789,4496.295454545455,3822.2673667900176,42,898.1968536958303,1.2652425252016184,1.75,1.9743589743589745
32,71,70,52.521187180125935,4980.546428571429,3676.4831026088154,38,842.3979498291912,1.1847036623801197,2.1666666666666665,1.971830985915493
33,115,113,46.317989074058225,3931.227876106195,5233.93276536858,62,1105.8570128941997,1.1799614064469452,2.2,1.9652173913043478
34,81,79,43.36547856302725,3669.8037974683543,3425.872806479153,45,917.532859165765,1.1837930869120816,2.2,1.9506172839506173
35,57,58,57.763901718564725,5830.895593869731,3350.306299676754,32,742.6134003628329,1.4069041355088683,1.125,2.0350877192982457
36,22,23,37.56521739130435,1979.6521739130435,864.0,10,211.0,1.4503643185166186,1.8,2.090909090909091
37,83,84,36.03086533147338,2500.9278273809523,3026.592687843764,43,637.9510073700231,1.2783936007701608,1.375,2.0240963855421685
38,82,82,41.10005579023339,3221.5306571815718,3370.2045747991383,44,733.5546566102965,1.3533091576347642,1.3333333333333333,2.0
39,90,90,30.316233755895396,1449.1712962962965,2728.4610380305858,47,563.4131039863319,1.408126738267179,1.625,2.0
40,118,119,33.41990849405611,2176.22385620915,3976.969110792677,62,880.169050838108,1.2581399269262203,2.3333333333333335,2.016949152542373
41,145,146,38.07888824001872,3231.31744672755,5559.517683042734,78,1087.5357848646609,1.293358316879252,2.2857142857142856,2.013793103448276
42,201,200,46.94494528454857,5067.388923611111,9388.989056909713,107,1550.8837523444017,1.2324147330043371,2.142857142857143,1.9900497512437811
43,207,208,46.143930345771466,4962.640658386752,9597.937511920465,112,1619.7344895290294,1.2600885407047442,1.5,2.0096618357487923
44,221,220,43.274428861609586,4857.92601010101,9520.37434955411,117,1595.7859030266231,1.2696009317417016,1.7777777777777777,1.990950226244344
45,185,185,48.83086028481132,5360.762912912913,9033.709152690095,102,1331.7434407471223,1.3394070056437697,1.4545454545454546,2.0
46,217,216,45.42123277231711,3977.7070794753085,9810.986278820495,121,1639.0770147931544,1.2730517735807612,1.8,1.9907834101382489
47,224,224,43.97508226753543,3924.8128720238096,9850.418427927936,120,2310.929463832415,1.191195411469745,2.5714285714285716,2.0
48,184,179,44.06319132225253,5178.083333333334,7887.311246683203,101,293.0,1.2735038025857703,3.0,1.9456521739130435
49,186,184,42.30551079665214,5247.060839371981,7784.2139865839945,101,1158.2060881726854,1.279222370659376,2.0,1.978494623655914
50,229,226,36.74566837400979,3963.3182460668627,8304.521052526212,122,1176.1024700623657,1.2983302671928132,3.0,1.9737991266375545
51,336,335,40.918247789516286,3709.4741500829186,13707.613009487955,179,1649.1281654296565,1.3025300131270223,3.2857142857142856,1.994047619047619
52,252,251,38.2021781497899,3229.5855467020806,9588.746715597264,139,1315.2071571264094,1.2910984147789317,2.2222222222222223,1.992063492063492
53,324,322,38.60872799977537,3288.427989130435,12432.010415927669,177,2120.1629941113697,1.2293967171390148,2.75,1.9876543209876543
54,307,307,42.08315926792543,4058.328132068856,12919.529895253107,166,1380.993984109662,1.3784362048345358,2.7777777777777777,2.0
55,367,366,39.17945086410293,3498.1796258348513,14339.679016261674,197,1657.718853076156,1.3204525065236001,3.2222222222222223,1.994550408719346
56,353,353,43.462578072831384,4593.457959553038,15342.290059709478,187,1345.891139302424,1.373255398306973,2.5,2.0
57,345,345,41.77286070906777,4040.8040458937203,14411.63694462838,187,1498.8789592897913,1.2640100435916053,2.3636363636363638,2.0
58,350,346,42.75724722496013,4076.9623474630694,14794.007539836206,189,1500.8627408389139,1.382724271588664,2.7777777777777777,1.977142857142857
59,381,381,38.74306185298925,3151.974573490814,14761.106565988905,203,1237.652919768924,1.4475317633404723,2.4,2.0
60,410,409,38.59230505683115,3198.952051073078,15784.25276824394,223,1712.6398011699052,1.4109245688242815,2.7777777777777777,1.9951219512195122
61,396,394,39.12131889727311,3270.651297236323,15413.799645525607,215,1344.0274719372455,1.3860343479819075,3.25,1.9898989898989898
62,369,368,39.49539565055268,3343.633246527778,14534.305599403386,199,1576.8972717247052,1.4689924185241554,3.125,1.994579945799458
63,363,361,37.2259194551499,2949.8157510003075,13438.556923309114,191,343.6616683347254,1.433421558566092,3.625,1.9889807162534436
64,381,379,40.23894374012523,4104.585550425096,15250.559677507461,206,1690.0276931617827,1.3781806267701455,3.0,1.989501312335958
65,385,383,39.60142747428255,3898.915578764143,15167.346722650218,210,1585.0333988091304,1.468907635197497,3.5,1.9896103896103896
66,395,394,39.361899097708154,4291.907483784546,15508.588244497012,214,1498.7856167497184,1.4482106675914785,3.857142857142857,1.9949367088607595
67,378,376,41.26833322727262,4710.525044326241,15516.893293454505,203,1606.9711559421953,1.3758754508024476,3.25,1.9894179894179893
68,406,405,38.49139477720894,3265.1795781893006,15589.01488476962,215,1812.974685294017,1.4075597763483227,3.375,1.9950738916256157
69,411,410,39.253188960432816,3459.9370257452574,16093.807473777455,219,1535.0811617267593,1.3762474604402761,3.75,1.9951338199513382
70,413,412,38.71382391973494,3342.852582254585,15950.095454930797,222,1563.4037796878663,1.3694002399049885,3.0,1.9951573849878934
71,402,402,37.428054873454485,3158.047436428966,15046.078059128704,216,1480.861016141102,1.4083331773848091,3.0,2.0
72,407,407,39.127817878068946,3350.498042076167,15925.021876374061,218,1593.214378121115,1.3945401630025611,2.6363636363636362,2.0
73,426,426,38.9540067465706,3237.2649647887324,16594.406874039076,233,1532.526209290976,1.389789814860558,2.6363636363636362,2.0
74,443,444,38.368818342082186,3219.7270395395394,17035.75534388449,239,1391.4720162727326,1.4191516888719602,1.9333333333333333,2.00451467268623
75,516,517,38.193747276351054,3296.7715049430476,19746.167341873494,282,1690.5498203860207,1.3213710415899682,2.4,2.003875968992248
76,486,485,37.93007539665326,2897.605615693013,18396.08656737683,269,1875.9472307771657,1.2922863388378285,3.3,1.9958847736625513
77,547,546,39.309682892605,3468.259043040293,21463.086859362327,299,2109.3375019649347,1.2651841666374983,3.1818181818181817,1.9963436928702012
78,538,539,40.75931734516791,3988.4104072184427,21969.272049045503,295,2207.450718050188,1.2718529441509263,2.0588235294117645,2.003717472118959
79,576,577,39.9063392120191,3838.509712593876,23025.957725335018,311,2445.0436252158656,1.2957470354284217,2.2666666666666666,2.0034722222222223
80,589,589,38.5025494840616,3500.300544708545,22678.001646112283,315,1621.7130116292735,1.420832694052116,3.0,2.0
81,583,583,39.308355197027275,3646.7355334000376,22916.7710798669,308,1713.7251008612602,1.4422625902482995,3.8,2.0
82,609,607,38.81885158998777,3521.8013339740064,23563.042915122576,323,2109.83902200965,1.3636131691815936,4.1,1.993431855500821
83,605,604,40.41400248779112,4008.5163110129993,24410.057502625838,323,2173.3640033982383,1.1858164502044017,4.777777777777778,1.9966942148760332
84,599,598,40.06833981933168,3811.028259708287,23960.867211960347,321,2015.594950701134,1.3688402525304393,3.5454545454545454,1.996661101836394
85,612,612,39.214186915296835,3742.7004584241113,23999.08239216166,323,2166.0521334515543,1.3996032778275453,3.7,2.0
86,647,643,37.57333230477571,3371.6529505788835,24159.652671970784,344,1688.652005715725,1.3705652866960845,3.8,1.9876352395672334
87,594,593,39.736749943578815,3476.2150959366477,23563.89271654224,318,1509.1615526400647,1.4644938774182314,5.0,1.9966329966329965
88,641,641,38.990679562291106,3275.8292381695273,24993.025599428598,343,1599.2518135373966,1.4836213871373038,4.0,2.0
89,626,627,37.64388067633864,3135.8231547935493,23602.713184064327,336,1559.678517692258,1.460600526426807,3.0,2.0031948881789137
90,624,622,39.076234069658916,3259.6177429439085,24305.417591327845,337,1261.7514124377144,1.5104429137239221,4.0,1.9935897435897436
91,646,645,37.71608803549471,2567.6764965546945,24326.876782894084,355,1266.4081980475933,1.5450249120561417,3.4615384615384617,1.9969040247678018
92,661,660,35.441795892727484,2203.41118476431,23391.58528920014,354,1186.227585290124,1.5539808357634215,4.363636363636363,1.9969742813918305
93,686,684,35.849779232481865,2308.619862735543,24521.248995017595,370,1280.0441172881156,1.3377640669221247,4.7,1.9941690962099126
94,664,662,35.96980157412451,2223.6066003692513,23812.008642070425,355,1129.202448981399,1.3436548112129767,5.625,1.9939759036144578
95,673,669,35.3544166982895,2150.7028109948515,23652.104771155675,361,1351.9845444845155,1.4701446163386358,4.3,1.988112927191679
96,672,670,36.50133807962403,2366.722180762852,24455.896513348096,362,1213.4735847664012,1.5743376152534598,2.923076923076923,1.994047619047619
97,661,657,35.54916197865638,2128.797374429224,23355.79941997724,358,1229.0943581306592,1.5848838503718699,6.714285714285714,1.9878971255673223
98,772,768,34.35610409540378,2041.785789207176,26385.487945270103,420,2030.2248147356013,1.2026180055247364,4.0,1.9896373056994818
99,756,754,36.359937201079646,2385.38384173298,27415.392649614052,413,2143.340470994036,1.1845726303006916,4.181818181818182,1.9947089947089947
100,739,740,35.6453979131756,2326.000553678679,26377.594455749946,403,2202.6824990993614,1.3661881234760116,2.875,2.002706359945873
101,780,778,35.35572246626393,2185.5846900885463,27506.752078753336,425,1800.163866885221,1.463593344864074,4.363636363636363,1.994871794871795
102,797,794,34.85861901994157,2184.9023317240412,27677.743501833607,432,2028.9297297727135,1.4390668916796703,3.5833333333333335,1.9924717691342535
103,800,798,34.43523455210717,2049.0805834029516,27479.31717258152,422,1634.3038580385883,1.3298882374288967,3.75,1.995
104,775,775,33.4325963266922,1952.8375806451613,25910.262153186453,415,1211.8269961699862,1.5661737922628314,3.2857142857142856,2.0
105,800,799,34.68022407673082,2138.6488057989154,27709.499037307927,436,1158.0024069001715,1.597425234686621,3.4285714285714284,1.9975
106,815,810,33.90507329935766,2047.1717764060354,27463.109372479707,439,1115.7393173683063,1.4234281051061686,3.75,1.9877300613496933
107,811,807,35.250185182596724,2287.522760911469,28446.899442355556,437,1247.9097199200164,1.3813827127751104,3.142857142857143,1.9901356350184958
108,875,873,33.56512084201763,1970.2469056255568,29302.35049508139,467,1310.1602551721485,1.5811370547970776,3.25,1.9954285714285713
109,879,877,33.17152633304372,1891.4832921576078,29091.428594079345,474,1389.0977923747653,1.541765401058394,3.125,1.9954493742889647
110,897,889,32.65000669152212,1816.663925689844,29025.855948763165,487,1321.9551625974495,1.3557242748916971,5.2,1.9821627647714604
111,898,895,33.26739511519741,1966.359768777157,29774.318628101682,480,1752.8412163887215,1.5188863435846822,3.0,1.9933184855233852
112,859,854,33.05177678170631,1931.8793850019517,28226.217371577186,473,1456.1864499581495,1.4855794560749234,3.5,1.9883585564610011
113,876,870,32.79803553781039,1889.1085727969348,28534.290917895043,479,943.5320915854196,1.2979716388413607,4.9,1.9863013698630136
114,879,875,32.820832521670226,1790.1044047619046,28718.228456461446,488,945.2819497150904,1.315200524552562,5.555555555555555,1.9908987485779295
115,907,902,31.589108314948845,1668.1648069447863,28493.37570008386,497,1485.9328015050994,1.3891723975301344,3.6153846153846154,1.9889746416758545
116,988,983,32.11619120959297,1771.8674480049733,31570.21595902989,543,1745.5002732878925,1.2956859445269076,5.6,1.9898785425101215
117,1001,997,32.246401279122374,1746.999950406776,32149.662075285007,547,2105.5341361499313,1.3330622123430187,4.666666666666667,1.992007992007992
118,958,952,32.624957066766235,1796.1693729575163,31058.959127561455,518,1999.5557371190428,1.270531390322827,5.0,1.9874739039665972
119,987,980,31.885588452864884,1650.4933106575963,31247.876683807586,531,235.30342442247039,1.3058775160612843,4.916666666666667,1.9858156028368794
120,1025,1022,31.273509608460795,1579.4269542291802,31961.52681984693,553,1533.1613284409868,1.36641633646445,5.818181818181818,1.9941463414634146
121,979,973,31.715707423393233,1617.4884449583192,30859.383322961618,527,1969.5328868904635,1.3436140143456559,6.1,1.9877425944841676
122,976,969,31.717128298079743,1616.1926312922833,30733.89732083927,526,1833.1585471458332,1.3757256545637535,5.454545454545454,1.985655737704918
123,1007,1001,31.761970690424384,1667.337357087357,31793.73266111481,537,1234.2847024241255,1.6031278873815982,6.5,1.9880834160873884
124,1006,1001,33.09433937187153,1850.2757797757797,33127.4337112434,547,1614.830820028947,1.5069033658046604,5.9,1.9900596421471173
125,1047,1042,32.56247445730851,1814.9699646113245,33930.09838451547,568,1716.4038200134235,1.5061262839725775,5.3,1.9904489016236868
126,1094,1088,31.536583722140556,1690.7200854155321,34311.803089688925,592,1303.4317574127801,1.3735152966499728,7.25,1.9890310786106034
127,1116,1110,30.929961276238956,1553.1693756256257,34332.25701662524,603,1192.346840284978,1.3816652330455206,5.7,1.989247311827957
128,1114,1105,30.982474047377718,1544.9946392659626,34235.63382235238,613,773.4106568991881,1.3593955553707535,7.857142857142857,1.9838420107719927
129,1159,1147,29.853539080349538,1383.1189289087476,34242.00932516092,633,34.207292919623,1.3858566559099934,11.8,1.9792924935289042
130,1136,1124,30.734598768374322,1512.721338720838,34545.68901565274,620,876.5845529461034,1.4225364528058932,10.166666666666666,1.9788732394366197
131,1145,1139,30.885980837231816,1569.8059518583555,35179.13217360704,619,1399.5221049239287,1.585836880427483,6.0,1.989519650655022
132,1166,1161,31.708446049310933,1632.0176377524165,36813.50586324999,625,1887.0707964501112,1.4774720828453878,5.818181818181818,1.9914236706689536
133,1161,1157,31.676772828644644,1658.060270215116,36650.02616274185,618,1733.820931866353,1.4753906654691369,7.222222222222222,1.9931093884582256
134,1119,1113,31.642342863561353,1625.5896351202953,35217.927607143785,600,1645.2440476450715,1.5399808306156852,6.1,1.9892761394101877
135,1191,1189,30.782522508373884,1506.8449502382957,36600.41926245655,637,1630.788031176247,1.5528843541283035,5.25,1.99664147774979
136,1247,1238,29.699228705648817,1483.8456571979896,36767.64513759324,677,1467.4043602593445,1.4288909386991555,7.333333333333333,1.9855653568564555
137,1246,1239,29.424997224251218,1423.055157609183,36457.57156084726,672,1401.6492335030127,1.4467051134683797,7.5,1.9887640449438202
138,1259,1252,30.042348085969568,1466.1847682596733,37613.0198036339,680,1392.2782165999522,1.4581462626568937,9.285714285714286,1.9888800635424941
139,1227,1209,30.8839674176378,1587.9957566515025,37338.7166079241,660,1217.6706659109132,1.4653765610004605,9.285714285714286,1.9706601466992666
140,1196,1185,30.739038364723744,1553.6463796426524,36425.760462197635,656,1455.2475891840795,1.434188417741898,10.666666666666666,1.9816053511705685
141,1287,1281,29.63353193747467,1422.2662741781592,37960.554411905054,697,1160.3520261245508,1.478503117206904,8.125,1.9906759906759908
142,1342,1336,29.231259374188003,1339.1074621590153,39052.96252391517,722,1191.1898119822663,1.4531610617847925,7.444444444444445,1.9910581222056631
143,1289,1280,30.00192116710541,1442.340207248264,38402.459093894926,707,1479.9690072943538,1.4884939267172337,9.142857142857142,1.9860356865787432
144,1279,1274,29.3782547982008,1371.624751832713,37427.89661290782,696,1847.3322280778932,1.4759711620843947,8.714285714285714,1.9921813917122753
145,1308,1302,29.330839892244008,1366.7034450204812,38188.7535397017,716,1921.509601812853,1.5984966222708252,10.333333333333334,1.9908256880733946
146,1335,1328,28.644940773443935,1288.6061119477913,38040.481347133544,728,1675.3934242217263,1.619785313599006,6.888888888888889,1.9895131086142321
147,1352,1342,28.14253481116945,1252.714273886405,37767.2817165894,731,2311.0056135891837,1.3708260030555672,5.5,1.985207100591716
148,1396,1390,28.713472442392625,1290.0687200239809,39911.72669492575,758,1440.057084083655,1.4296074801953864,12.0,1.991404011461318
149,1428,1424,28.19228678352789,1212.2756210498596,40145.816379743716,772,1827.5291615635895,1.3935544048372674,9.285714285714286,1.9943977591036415
150,1502,1496,27.156979839331022,1128.8834171215833,40626.84183963921,813,1795.467104290803,1.3912768395135031,7.333333333333333,1.992010652463382
151,1430,1422,27.38397024211874,1153.1807215971244,38940.005684292846,779,540.4694671815923,1.3814163506112447,9.571428571428571,1.9888111888111888
152,1518,1511,26.812424878007786,1087.7944115835724,40513.57399066976,822,1759.0546353392524,1.3971327786930936,7.111111111111111,1.9907773386034255
153,1605,1594,26.894126099976226,1049.275717098843,42869.237003362105,865,2176.4572894960806,1.3336844712698275,7.8,1.9862928348909656
154,1646,1636,26.029796928658442,1011.623293602282,42584.747775285214,891,1647.9280159689447,1.4012709420396467,9.8,1.9878493317132442
155,1597,1590,26.540010262692586,1066.0509726347154,42198.61631768121,862,1863.4640705513036,1.393921159704828,9.857142857142858,1.9912335629304947
156,1646,1639,26.080678977427095,1013.4761838180464,42746.23284400301,892,2073.1474533300197,1.3808938341848171,10.571428571428571,1.991494532199271
157,1623,1613,26.319680838546024,1049.0951907198842,42453.64519257474,872,159.03152486279998,1.3606193247697957,10.714285714285714,1.9876771410967344
158,1751,1743,26.241173863805564,1033.3708791072581,45738.366044613096,936,911.8246474749315,1.3535234555932214,11.142857142857142,1.990862364363221
159,1820,1809,25.861562857302186,1000.8817150743198,46783.567208859655,979,800.9784303985299,1.3960293538762778,11.0,1.987912087912088
160,1806,1796,26.33596435266916,1016.4433115256124,47299.39197739381,969,1837.0112793904266,1.3817169575301333,13.0,1.9889258028792913
161,1793,1781,26.69273367635256,1027.2869384743624,47539.75867758391,973,1863.7630651035952,1.4001855349534775,10.5,1.9866146123814836
162,1797,1790,26.4714440984583,1029.8371973929238,47383.884936240356,964,1960.8243860988825,1.4077043169097754,13.333333333333334,1.9922092376182527
163,1805,1794,26.384770285393905,1019.2906447417316,47334.277891996666,973,1765.072274887557,1.3599539132229523,11.0,1.9878116343490304
164,1754,1743,26.56561149274737,1022.3943547558841,46303.86083185866,946,1830.058950018934,1.3960656258048452,10.8,1.9874572405929305
165,1734,1727,26.27106918651292,1027.118144019816,45370.13648510782,926,639.6464343394211,1.4070062801804932,7.8,1.9919261822376009
166,1757,1747,25.470161184776384,943.0024406919798,44496.371589804345,936,3593.613758564124,1.3955148129900232,8.833333333333334,1.9886169607285145
167,1758,1749,26.623223308587853,1064.00726010101,46564.017566720155,927,1510.4018215467966,1.3526949987164356,13.0,1.9897610921501707
168,1835,1819,25.959241993973464,986.2954962705055,47219.86118703773,973,104.05112921747252,1.2622017279752635,10.6,1.9825613079019073
169,1859,1850,26.058929787684992,997.6374061561561,48209.020107217235,987,3077.119970451364,1.4470676638756166,9.0,1.9903173749327596
170,1870,1859,26.285772115558252,1016.0201609288147,48865.25036282279,992,871.3280670051046,1.4116254167619247,7.8,1.988235294117647
171,1905,1893,25.655868561612852,968.0025752773375,48566.55918713313,1010,1500.3502308392376,1.3433098417333493,13.25,1.9874015748031495
172,1936,1926,25.531360909256204,935.717417519198,49173.401111227446,1030,2140.7511229303877,1.3626217235051972,11.8,1.9896694214876034
173,1970,1962,25.357176204207633,927.7590824626232,49750.77971265538,1053,1973.6151070030526,1.4136466268750598,10.2,1.9918781725888326
174,2011,2004,25.209713212321837,927.7288240840849,50520.26527749296,1081,1215.1175289857583,1.4152490138692546,11.0,1.9930382894082546
175,1967,1961,25.069934253625146,953.8454090883338,49162.141071358914,1052,1592.0510548235584,1.408555600703641,11.571428571428571,1.9938993390950686
176,2042,2035,25.324193744186665,953.8807828661996,51534.73426941987,1106,1541.918419344352,1.4517374124793005,10.25,1.9931439764936336
177,2048,2044,25.295195944913853,960.5949022482746,51703.38051140391,1102,2127.4875237578403,1.5180379832571873,10.375,1.99609375
178,2056,2049,25.430910521088986,971.8468528008243,52107.935657711336,1091,2309.304732378027,1.5569972854345109,11.285714285714286,1.9931906614785992
179,2044,2039,25.35353972471183,986.1740693816262,51695.86749868742,1099,2380.9144424580277,1.3753261633055394,10.5,1.9951076320939334
180,2022,2015,25.358719910656575,937.4088752565635,51097.820619973,1089,1201.9339948387499,1.298067799955506,9.666666666666666,1.993076162215628
181,2076,2065,25.121367755191628,900.6922459308582,51875.62441447071,1130,2022.900912358194,1.3533066669956895,11.6,1.989402697495183
182,2080,2072,24.915652080020468,899.9613813962771,51625.23110980241,1113,1712.0065684124168,1.3378131132835775,8.833333333333334,1.9923076923076923
183,2086,2078,24.974020692676213,919.999606986478,51896.01499938117,1120,1927.5005514648205,1.3451671781756334,9.333333333333334,1.9923298178331736
184,2118,2105,24.680488470419323,879.376751506554,51952.428230232676,1131,1723.0398457437827,1.3486672896327845,8.5,1.987724268177526
185,2077,2061,25.08972961585034,919.0488958299638,51709.932738267555,1128,1867.3681426719722,1.3491963004529357,8.4,1.984593163216177
186,2109,2099,24.74128327939267,892.7730779354073,51931.95360344521,1128,1769.283585113925,1.3918665636122358,13.0,1.9905168326220959
187,2089,2083,24.91424942235811,924.1957953087308,51896.38154677195,1121,1568.324429635921,1.5269206072082673,11.0,1.9942556247008139
188,2118,2111,24.833943552071204,886.7899576951419,52424.454838422316,1130,3177.9531380266735,1.4522715228648515,13.4,1.9933899905571293
189,2135,2125,24.53930158986216,857.1498968772695,52146.01587845709,1148,3071.312543808492,1.4055223835703112,8.875,1.990632318501171
190,2163,2154,24.451419637691142,853.8576840245538,52668.35789958672,1162,2396.6418688248345,1.364984093154186,16.2,1.9916782246879334
191,2173,2163,24.433103384963015,872.1213624338625,52848.802621675,1172,2510.1245981740685,1.5249715745020658,11.6,1.9907961343764382
